{"cameraMode":{"drawMode":0,"name":"Shaded","section":"Shading Mode"},"sceneLighting":false,"audioPlay":false,"sceneViewState":{"showFog":true,"showMaterialUpdate":false,"showSkybox":false,"showFlares":true,"showImageEffects":true,"showParticleSystems":true,"showVisualEffectGraphs":true,"m_FxEnabled":true},"in2DMode":false,"pivot":{"x":0.00000476837158203125,"y":2.7878637313842775,"z":5.960464477539063e-7},"rotation":{"x":0.05511600524187088,"y":-0.8729504346847534,"z":0.4739520847797394,"w":0.10155948996543884},"size":5.898516654968262,"orthographic":false}