{"cameraMode":{"drawMode":0,"name":"Shaded","section":"Shading Mode"},"sceneLighting":true,"audioPlay":false,"sceneViewState":{"showFog":true,"showMaterialUpdate":false,"showSkybox":true,"showFlares":true,"showImageEffects":true,"showParticleSystems":true,"showVisualEffectGraphs":true,"m_FxEnabled":true},"in2DMode":false,"pivot":{"x":2.5825374126434328,"y":-9.246757507324219,"z":10.544456481933594},"rotation":{"x":-0.0015385604929178954,"y":-0.931277334690094,"z":0.3643161356449127,"w":-0.003910268656909466},"size":29.678279876708986,"orthographic":false}