{"cameraMode":{"drawMode":0,"name":"Shaded","section":"Shading Mode"},"sceneLighting":true,"audioPlay":false,"sceneViewState":{"showFog":true,"showMaterialUpdate":false,"showSkybox":true,"showFlares":true,"showImageEffects":true,"showParticleSystems":true,"showVisualEffectGraphs":true,"m_FxEnabled":true},"in2DMode":false,"pivot":{"x":-0.0033092498779296877,"y":3.689359664916992,"z":8.734050750732422},"rotation":{"x":0.01630242168903351,"y":0.9726160764694214,"z":-0.2204573154449463,"w":0.07190420478582382},"size":33.65840148925781,"orthographic":false}