{"cameraMode":{"drawMode":0,"name":"Shaded","section":"Shading Mode"},"sceneLighting":true,"audioPlay":false,"sceneViewState":{"showFog":true,"showMaterialUpdate":false,"showSkybox":true,"showFlares":true,"showImageEffects":true,"showParticleSystems":true,"showVisualEffectGraphs":true,"m_FxEnabled":true},"in2DMode":false,"pivot":{"x":2.384185791015625e-7,"y":0.9547510147094727,"z":-0.03748524188995361},"rotation":{"x":0.01139945536851883,"y":0.9645863771438599,"z":-0.2601134479045868,"w":0.04227251932024956},"size":5.640989303588867,"orthographic":false}