{"cameraMode":{"drawMode":0,"name":"Shaded","section":"Shading Mode"},"sceneLighting":true,"audioPlay":false,"sceneViewState":{"showFog":true,"showMaterialUpdate":false,"showSkybox":true,"showFlares":true,"showImageEffects":true,"showParticleSystems":true,"showVisualEffectGraphs":true,"m_FxEnabled":true},"in2DMode":false,"pivot":{"x":-0.42166486382484438,"y":1.9760093688964844,"z":23.494701385498048},"rotation":{"x":0.0007137367501854897,"y":0.9181573390960693,"z":-0.3962223529815674,"w":0.0016486567910760642},"size":40.30005645751953,"orthographic":false}