{"cameraMode":{"drawMode":0,"name":"Shaded","section":"Shading Mode"},"sceneLighting":true,"audioPlay":false,"sceneViewState":{"showFog":true,"showMaterialUpdate":false,"showSkybox":true,"showFlares":true,"showImageEffects":true,"showParticleSystems":true,"showVisualEffectGraphs":true,"m_FxEnabled":true},"in2DMode":false,"pivot":{"x":-0.08926588296890259,"y":1.5153274536132813,"z":0.25835704803466799},"rotation":{"x":0.01139945536851883,"y":0.9645863771438599,"z":-0.2601134479045868,"w":0.04227251932024956},"size":5.658862113952637,"orthographic":false}