{"cameraMode":{"drawMode":0,"name":"Shaded","section":"Shading Mode"},"sceneLighting":true,"audioPlay":false,"sceneViewState":{"showFog":true,"showMaterialUpdate":false,"showSkybox":true,"showFlares":true,"showImageEffects":true,"showParticleSystems":true,"showVisualEffectGraphs":true,"m_FxEnabled":true},"in2DMode":false,"pivot":{"x":-3.9507253170013429,"y":-6.2324676513671879,"z":5.829267501831055},"rotation":{"x":-0.019393786787986757,"y":-0.8752509951591492,"z":0.4820198714733124,"w":-0.03520287573337555},"size":31.652326583862306,"orthographic":false}